Rule,DOR,EFV,ETR,NVP,RPV,
V90I,0,0,0,0,5,
A98G,10,10,10,30,15,
L100I,10,45,30,60,45,
L100V,5,15,10,30,15,
K101E,5,15,10,30,45,
K101P,5,60,45,60,60,
K101H,0,10,10,15,10,
K103H,0,60,0,60,0,
K103N,0,60,0,60,0,
K103S,0,45,0,60,0,
K103T,0,15,0,60,0,
K103R,0,0,0,0,0,
V106A,60,45,0,60,5,
V106I,5,5,5,5,5,
V106L,30,10,0,30,0,
V106M,30,60,0,60,0,
V108I,5,10,0,15,5,
E138K,0,10,10,10,45,
E138G,0,10,10,10,20,
E138Q,0,10,10,10,20,
E138R,0,10,10,10,20,
E138A,0,0,10,0,10,
V179F,5,10,15,15,15,
V179D,0,10,10,10,10,
V179E,0,10,10,10,10,
V179L,0,10,10,10,10,
V179T,0,0,0,0,0,
Y181C,5,30,30,60,45,
Y181I,10,30,60,60,60,
Y181V,10,30,60,60,60,
Y181F,0,15,15,60,30,
Y181G,0,15,15,60,30,
Y181S,0,15,15,60,30,
M184I,0,0,0,0,0,
Y188F,30,60,0,60,30,
Y188L,60,60,15,60,60,
Y188C,0,30,0,60,0,
Y188H,0,30,0,60,0,
G190C,10,60,10,60,10,
G190E,60,60,45,60,60,
G190Q,30,60,45,60,45,
G190S,10,60,10,60,15,
G190T,10,60,10,60,10,
G190V,10,60,10,60,10,
G190A,0,45,10,60,15,
H221Y,5,10,10,15,10,
P225H,10,45,0,45,0,
F227C,60,45,30,45,45,
F227I,45,10,0,30,0,
F227L,60,15,0,30,5,
F227V,45,10,0,30,0,
F227Y,15,0,0,10,15,
M230L,60,45,30,60,60,
M230I,0,10,0,30,30,
L234I,45,0,0,0,0,
P236L,5,0,0,0,0,
K238N,0,10,0,10,0,
K238T,0,30,0,30,0,
Y318F,60,10,0,30,0,
N348I,0,0,0,15,0,
A98G + L234I,15,5,5,5,5,0
A98G + V106I,5,0,0,0,5,0
A98G + G190ASC,5,0,0,0,5,0
A98G + Y181CIV,10,5,5,0,5,0
A98G + F227CL,15,15,15,15,15,0
L100I + K103N,20,0,0,0,15,0
K101E + Y181C,5,5,5,0,0,0
K101E + G190A,5,0,5,0,0,0
K101E + G190S,5,0,5,0,0,0
K101E + Y188L,0,0,5,0,0,0
K101E + M184I,0,0,0,0,15,0
K103N + Y181C,5,0,0,0,0,0
K103N + P225H,20,0,0,0,0,0
K103R + V179D,0,20,0,20,15,0
V106I + Y181C,10,0,0,0,10,0
V106I + G190S,10,0,0,0,0,0
V106I + F227CLIVY,15,10,10,10,15,0
V106A + F227CL,15,15,0,0,10,0
V106I + L234I,15,0,0,0,0,0
V106I + H221Y,5,0,0,0,0,0
V108I + Y181C,10,0,0,0,0,0
V108I + L234I,15,0,0,0,0,0
E138K + M184I,0,0,0,0,15,0
V179F + Y181C,0,0,15,0,15,0
V179T + Y181C,0,0,10,0,10,0
Y181CIV + G190ACSTV,10,0,10,0,10,0
Y181CIV + H221Y,10,0,0,0,10,0
