Rule,ABC,AZT,FTC,3TC,TDF,D4T,DDI
E40F,0,0,0,0,0,0,0
M41L,5,15,0,0,5,15,10
E44A,0,0,0,0,0,0,0
E44D,0,0,0,0,0,0,0
A62V,5,5,0,0,5,5,5
K65E,10,0,0,0,10,10,10
K65N,30,0,15,15,30,30,30
K65R,45,-10,15,15,45,60,60
D67E,5,15,0,0,5,10,5
D67G,5,15,0,0,5,10,5
D67H,5,15,0,0,5,10,5
D67N,5,15,0,0,5,15,5
D67S,5,15,0,0,5,10,5
D67T,5,15,0,0,5,10,5
D67del,15,30,15,15,15,30,30
S68del,15,0,15,15,15,30,30
S68G,0,0,0,0,0,0,0
S68N,0,0,0,0,0,0,0
T69G,10,5,0,0,5,10,10
T69ins,60,60,30,30,60,60,60
T69del,15,0,15,15,15,30,30
T69D,0,0,0,0,0,10,30
K70E,15,0,10,10,15,15,15
K70G,15,0,10,10,15,15,15
K70N,15,0,10,10,15,15,15
K70Q,15,0,10,10,15,15,15
K70R,5,30,0,0,5,15,10
K70S,15,0,10,10,15,15,15
K70T,15,0,10,10,15,15,15
K70del,15,0,10,10,15,30,30
L74I,15,0,0,0,5,0,60
L74V,30,0,0,0,0,0,60
V75I,5,5,5,5,5,5,5
V75A,0,10,0,0,0,30,15
V75M,0,10,0,0,0,30,15
V75S,0,10,0,0,0,30,15
V75T,0,10,0,0,0,60,30
F77L,5,5,5,5,5,10,10
Y115F,30,0,0,0,15,0,0
F116Y,5,10,5,5,5,10,10
Q151L,30,30,10,10,10,30,30
Q151M,60,60,15,15,15,60,60
M184I,15,-10,60,60,-10,-10,10
M184V,15,-10,60,60,-10,-10,10
L210W,5,15,0,0,5,15,10
T215F,10,60,0,0,10,40,15
T215Y,10,60,0,0,10,40,15
T215A,0,10,0,0,0,20,10
T215C,0,10,0,0,0,20,10
T215D,0,10,0,0,0,20,10
T215E,0,10,0,0,0,20,10
T215I,0,20,0,0,0,20,10
T215L,0,10,0,0,0,20,10
T215N,0,10,0,0,0,20,10
T215S,0,10,0,0,0,20,10
T215V,0,20,0,0,0,20,10
K219E,0,10,0,0,0,10,5
K219N,0,10,0,0,0,10,5
K219Q,0,10,0,0,0,10,5
K219R,0,10,0,0,0,10,5
K219W,0,10,0,0,0,10,5
E40F + M41L + L210W + T215FY,5,5,0,0,5,5,5
M41L + T215FY,10,10,0,0,10,10,10
M41L + L210W,5,10,0,0,5,10,10
M41L + L210W + T215FY,15,0,15,15,15,0,0
M41L + E44AD + L210W + T215FY,5,5,0,0,5,5,5
M41L + D67EGNHST + T215FY,5,5,0,0,5,0,0
M41L + M184VI + T215FY,10,0,0,0,0,0,0
M41L + T215ACDEILNSV,0,10,0,0,0,5,5
M41L + D67EGN + T215FY,0,0,0,0,0,5,5
A62V + K65R,0,0,0,0,5,0,0
K65RN + Q151M,10,10,10,10,10,0,0
K65R + Q151M + M184IV,0,0,0,0,10,0,0
K65R + S68GN,0,0,0,0,5,0,0
D67EGNHST + T215FY + K219ENQRW,5,5,0,0,5,0,0
D67EGNHST + K70R + K219ENQRW,10,15,10,10,10,0,0
D67EGNHST + K70R + M184VI + K219ENQRW,10,0,0,0,0,0,0
D67EGN + T215FY + K219ENQR,0,0,0,0,0,5,5
D67EGN + K70R + K219ENQR,0,0,0,0,0,10,10
T69ins + M184VI,0,0,0,0,10,0,0
K70R + T215FY,0,0,0,0,0,5,5
K70EGNQST + M184IV,0,0,0,0,10,10,0
L74V + M184IV,15,0,0,0,0,0,0
F77L + F116Y + Q151ML,15,15,15,15,15,0,0
F77L + F116Y + Q151M,0,0,0,0,0,10,10
Y115F + M184IV,15,0,0,0,0,0,0
Q151M + M184IV,0,10,0,0,0,10,0
L210W + T215FY,10,10,0,0,10,10,10
L210W + T215ACDEILNSV,0,10,0,0,0,5,5
